{
  "project_info": {
    "project_number": "751692460887",
    "project_id": "awchatproj2",
    "storage_bucket": "awchatproj2.appspot.com"
  },
  "client": [
    {
      "client_info": {
        "mobilesdk_app_id": "1:751692460887:android:a0ce82d9149ff2f1ac0412",
        "android_client_info": {
          "package_name": "com.example.awchatproj2"
        }
      },
      "oauth_client": [
        {
          "client_id": "751692460887-etru1bq0e3md3s2273ndsbendgjftqsc.apps.googleusercontent.com",
          "client_type": 3
        }
      ],
      "api_key": [
        {
          "current_key": "AIzaSyDmRU3qTWKr_8TEHqczs8wCIHZN7raYFBc"
        }
      ],
      "services": {
        "appinvite_service": {
          "other_platform_oauth_client": [
            {
              "client_id": "751692460887-etru1bq0e3md3s2273ndsbendgjftqsc.apps.googleusercontent.com",
              "client_type": 3
            }
          ]
        }
      }
    }
  ],
  "configuration_version": "1"
}